ticker,horizon,price,cost,W,L,req
0128.KL,1,4.949999809265137,0.6620202098045044,1.7144593238206198,1.4828503057439566,0.6708360353077718
0138.KL,1,0.2399999946355819,2.543333379899464,1.8005015362085228,2.134130083141688,1.1887932379838946
0166.KL,1,2.609999895095825,0.84314177785179,2.117753474031655,2.006450939502687,0.6909436176352001
0208.KL,1,2.549999952316284,0.852156870078234,2.2975239833898984,1.827634600114745,0.6496214426540391
1023.KL,1,7.989999771118164,0.5851564491421825,0.9886047147407118,0.9423870367760383,0.7910668104710288
1066.KL,1,8.3100004196167,0.5803369373651759,0.7186646506301567,0.7262056011972468,0.9042628823660598
1082.KL,1,18.979999542236328,0.5653740805182521,0.713828527105027,0.7979906887536442,0.901804101291002
1155.KL,1,10.579999923706056,0.6490359181873626,0.6658094260855631,0.6054246964963624,0.9868053353821774
1295.KL,1,5.0,0.66,0.9121003318657896,0.8258907607008613,0.8549472819831948
2445.KL,1,22.3799991607666,0.5493655082662431,0.9655929419213932,0.9400996335729355,0.7815873142355175
2488.KL,1,5.039999961853027,0.6584126999144532,1.0456823047060957,0.9376355778882854,0.804736493231708
3182.KL,1,2.039999961853028,0.9501960875977923,1.2509284701474739,1.1556428929540197,0.8750369977966873
3336.KL,1,2.940000057220459,0.800136047801789,1.9188703481029104,1.621242778562179,0.6839834603378881
3816.KL,1,7.769999980926514,0.5887001290160566,0.8505172283186031,0.8974615967133246,0.8502172362998938
4065.KL,1,9.960000038146973,0.560401606041163,1.240375458236926,1.175090700093476,0.7184916667738501
4197.KL,1,2.5999999046325684,0.8446153987229934,1.6472705265978707,1.4966981743301988,0.7447000259137626
4677.KL,1,2.400000095367432,0.8766666501098215,2.273835515218822,2.198216068368878,0.6875776499903155
4715.KL,1,1.6299999952316284,1.07349693431005,1.2139886342361137,1.2253039370963739,0.9424047358741724
4863.KL,1,7.779999732971191,0.5885347087818085,0.9951986065268688,0.8858705608271498,0.7838123633076775
5031.KL,1,6.0,0.6266666666666667,1.002962179025073,0.871711415004721,0.7992741170746838
5168.KL,1,0.9549999833106996,0.983560218573669,2.514305058362443,2.0429734784256324,0.6641098788603719
5176.KL,1,2.0799999237060547,0.9407692484037419,1.1176372359440663,1.118106194853711,0.9208907493123158
5183.KL,1,4.300000190734863,0.6925581292193156,2.1438687868777646,1.9387155998670145,0.6445117797514428
5211.KL,1,4.96999979019165,0.6612072519547206,1.4820241651447108,1.387601356658901,0.7139637534746721
5225.KL,1,7.989999771118164,0.5851564491421825,0.7201536876709219,0.7658353767199689,0.9091532759131878
5246.KL,1,6.869999885559082,0.6055604099938963,1.1565992370030713,1.0025664955281475,0.7447908612539971
5258.KL,1,2.119999885559082,0.931698138670551,1.0745836125849824,1.0144465921044812,0.9316020067140811
5285.KL,1,6.400000095367432,0.6162499976716936,1.1191515482202765,1.0121812054420862,0.7640436249645087
5296.KL,1,1.3300000429153442,1.2118796749870864,1.7805961484815565,1.652022586152411,0.8343199412867172
5347.KL,1,13.68000030517578,0.6061988271479283,0.852295464488271,0.7874729181793294,0.8499198789648639
5398.KL,1,4.670000076293945,0.6741327588143398,1.4649340145096055,1.3064363212080508,0.714653344771952
5681.KL,1,20.3799991607666,0.5581354309302518,1.2867284123883849,1.2703215115734194,0.7150650151056588
5819.KL,1,23.8799991607666,0.5437520967457101,0.7268983651043293,0.7494800417622516,0.8759489657212455
6012.KL,1,3.569999933242798,0.7401120500558815,1.2189358991294383,1.1294382409045025,0.7961041041498454
6033.KL,1,17.6200008392334,0.5735073725732589,0.7346725975917809,0.7353886446339064,0.8903683599096074
6742.KL,1,5.75,0.6339130434782609,2.1839870968916313,1.8889810031332526,0.6194239642083375
6888.KL,1,1.7699999809265137,1.0249717575005544,1.7103236430800417,1.5427427828687887,0.7893212754241288
6947.KL,1,2.7100000381469727,0.8290036848426666,1.141671931422537,1.1725194221695527,0.8648909278420098
7084.KL,1,3.829999923706055,0.7210966109451934,0.9304113516465781,0.885161987354575,0.8847114923947164
7160.KL,1,5.090000152587891,0.6564636483343864,2.1612259661617497,1.7338318133774748,0.6136739419548808
7277.KL,1,2.009999990463257,0.957512440171467,1.909011356756023,1.786887951252725,0.7425528031776389
7293.KL,1,2.069999933242798,0.9430918030192547,1.5082332621479784,1.4807957447117874,0.8109280780374715
8869.KL,1,7.96999979019165,0.5854705177320906,1.2825265753870123,1.2503675406396513,0.7247985799152199
0128.KL,2,4.949999809265137,0.6620202098045044,2.2622246452982058,1.9652412154000498,0.621474309143352
0138.KL,2,0.2399999946355819,2.543333379899464,2.3308104872455946,2.7085779069412084,1.0421723582367703
0166.KL,2,2.609999895095825,0.84314177785179,2.907400227147401,2.8741996699569934,0.6429606880390571
0208.KL,2,2.549999952316284,0.852156870078234,3.241797223880371,2.658017651143508,0.5949635023433739
1023.KL,2,7.989999771118164,0.5851564491421825,1.3397837120818152,1.190120816119718,0.7017170985989402
1066.KL,2,8.3100004196167,0.5803369373651759,0.9447531373852907,0.9122399565719346,0.8037600671720597
1082.KL,2,18.979999542236328,0.5653740805182521,1.0163538320047372,0.9725634760965894,0.7732536442568333
1155.KL,2,10.579999923706056,0.6490359181873626,0.8725235695883037,0.7529748199964126,0.8625113055583906
1295.KL,2,5.0,0.66,1.2129972310541743,1.0799516982777715,0.7588270615275803
2445.KL,2,22.3799991607666,0.5493655082662431,1.3468425060187854,1.1814162727339752,0.6845746153619792
2488.KL,2,5.039999961853027,0.6584126999144532,1.3970452069460846,1.2346350247381226,0.7193304497488566
3182.KL,2,2.039999961853028,0.9501960875977923,1.7581860080420493,1.6262823013861198,0.7612653313392161
3336.KL,2,2.940000057220459,0.800136047801789,2.508771962285068,2.3467611930280263,0.6481053964972663
3816.KL,2,7.769999980926514,0.5887001290160566,1.1479850486876113,1.1563013817541115,0.7572849832022222
4065.KL,2,9.960000038146973,0.560401606041163,1.549595975511451,1.583988934632122,0.6843250150113325
4197.KL,2,2.5999999046325684,0.8446153987229934,2.082131553952644,1.9069200733646312,0.6897718378085
4677.KL,2,2.400000095367432,0.8766666501098215,3.5882179932181657,2.8975283522523,0.5819214630553591
4715.KL,2,1.6299999952316284,1.07349693431005,1.6687499859232335,1.655567609221438,0.8209397764874873
4863.KL,2,7.779999732971191,0.5885347087818085,1.1997111204383528,1.1843654943581745,0.7436422941010618
5031.KL,2,6.0,0.6266666666666667,1.2616145343220004,1.0714710621438484,0.7278505903867604
5168.KL,2,0.9549999833106996,0.983560218573669,3.444584547684863,2.9563264204720965,0.6155196750346604
5176.KL,2,2.0799999237060547,0.9407692484037419,1.421886293445975,1.3387772761441914,0.8257241301178698
5183.KL,2,4.300000190734863,0.6925581292193156,2.775328395045085,2.5702534311643643,0.6103753840949693
5211.KL,2,4.96999979019165,0.6612072519547206,2.011075885575621,1.7712112176354868,0.6431078348137874
5225.KL,2,7.989999771118164,0.5851564491421825,0.9636449693910932,0.9704812806110483,0.8043103338013783
5246.KL,2,6.869999885559082,0.6055604099938963,1.5704658872798956,1.2733163739196511,0.6606964286784078
5258.KL,2,2.119999885559082,0.931698138670551,1.3140720870292906,1.2156692731645553,0.8488485999495856
5285.KL,2,6.400000095367432,0.6162499976716936,1.3765962760459323,1.2659179297820098,0.712264071581023
5296.KL,2,1.3300000429153442,1.2118796749870864,2.4180557469962163,2.0366549364797994,0.729235822994469
5347.KL,2,13.68000030517578,0.6061988271479283,1.1010280376558748,1.0426358331759131,0.7691666043165889
5398.KL,2,4.670000076293945,0.6741327588143398,2.0190410867252226,1.797920780313814,0.6476495247372801
5681.KL,2,20.3799991607666,0.5581354309302518,1.716464341581732,1.6475082470980364,0.6556663646578402
5819.KL,2,23.8799991607666,0.5437520967457101,0.9955624317873961,0.9031330821954369,0.7620417114201014
6012.KL,2,3.569999933242798,0.7401120500558815,1.5557885282634571,1.3862274056895953,0.7227491296719156
6033.KL,2,17.6200008392334,0.5735073725732589,0.8932682897651342,0.944886493070333,0.8260424420305758
6742.KL,2,5.75,0.6339130434782609,3.304319508198806,2.700226702364502,0.55526922916794
6888.KL,2,1.7699999809265137,1.0249717575005544,2.3052678358918026,2.04202835529586,0.7054960089937011
6947.KL,2,2.7100000381469727,0.8290036848426666,1.4754671348068178,1.5616053576440916,0.7871425685191804
7084.KL,2,3.829999923706055,0.7210966109451934,1.2162764249994076,1.223094560243613,0.7970051226116053
7160.KL,2,5.090000152587891,0.6564636483343864,3.1430203643256562,2.654878026234875,0.57112792455287
7277.KL,2,2.009999990463257,0.957512440171467,2.466107110115765,2.2924511341433145,0.6829723221809193
7293.KL,2,2.069999933242798,0.9430918030192547,1.8559635032798647,1.7346700925982328,0.7457630593919274
8869.KL,2,7.96999979019165,0.5854705177320906,1.7258993824833977,1.6234117082713164,0.6595034519488814
0128.KL,3,4.949999809265137,0.6620202098045044,2.6634431777400933,2.38690662761675,0.6037060708522201
0138.KL,3,0.2399999946355819,2.543333379899464,2.7747640010905297,3.186507778360438,0.961177643000806
0166.KL,3,2.609999895095825,0.84314177785179,3.678145350043578,3.442070303084427,0.601837400676715
0208.KL,3,2.549999952316284,0.852156870078234,3.866107565054172,3.2839878010095873,0.578474056544624
1023.KL,3,7.989999771118164,0.5851564491421825,1.6188577512894333,1.4507584948058574,0.6632473836225711
1066.KL,3,8.3100004196167,0.5803369373651759,1.128000221439786,1.009475372991748,0.7437803334450411
1082.KL,3,18.979999542236328,0.5653740805182521,1.155591588100618,1.117591927687752,0.7403564193198583
1155.KL,3,10.579999923706056,0.6490359181873626,1.042515903286969,0.8676103535360941,0.7940031536166382
1295.KL,3,5.0,0.66,1.4263794115760817,1.2267879763079208,0.7111454727372866
2445.KL,3,22.3799991607666,0.5493655082662431,1.5527939696886526,1.4263521962496144,0.663182534346587
2488.KL,3,5.039999961853027,0.6584126999144532,1.640482488986995,1.4794287835314623,0.6852250903020731
3182.KL,3,2.039999961853028,0.9501960875977923,2.1695768143205454,1.9672585848005801,0.705238277795193
3336.KL,3,2.940000057220459,0.800136047801789,3.0467073716783886,2.8598803427360404,0.6196498837401382
3816.KL,3,7.769999980926514,0.5887001290160566,1.382101482960544,1.3956385620681329,0.7143716326643171
4065.KL,3,9.960000038146973,0.560401606041163,1.8566433523730308,1.7828693218364082,0.6438419474350553
4197.KL,3,2.5999999046325684,0.8446153987229934,2.5511832092267754,2.243942675390851,0.6441036478357508
4677.KL,3,2.400000095367432,0.8766666501098215,4.627476177536052,3.6230111969641983,0.5453832777177693
4715.KL,3,1.6299999952316284,1.07349693431005,1.9431675271789495,1.993948525732876,0.7791097389101076
4863.KL,3,7.779999732971191,0.5885347087818085,1.3600436786559207,1.3562380833386767,0.7159687258262986
5031.KL,3,6.0,0.6266666666666667,1.466605357042183,1.2186074024030737,0.6871984585128216
5168.KL,3,0.9549999833106996,0.983560218573669,4.30913349247792,3.665628713382389,0.5829877821986428
5176.KL,3,2.0799999237060547,0.9407692484037419,1.6643109842753845,1.5412226427461708,0.7742835296524633
5183.KL,3,4.300000190734863,0.6925581292193156,3.341442157400169,3.1381428878177675,0.591195422284675
5211.KL,3,4.96999979019165,0.6612072519547206,2.46210646694063,2.181331276615644,0.6121625152646812
5225.KL,3,7.989999771118164,0.5851564491421825,1.195376250832293,1.0841465526253349,0.7323037081425481
5246.KL,3,6.869999885559082,0.6055604099938963,1.8259366651596425,1.5084586779323756,0.6340037309330935
5258.KL,3,2.119999885559082,0.931698138670551,1.5351367845080222,1.390810886820035,0.7937630082209991
5285.KL,3,6.400000095367432,0.6162499976716936,1.614685795877825,1.4652063404817222,0.6758211800929207
5296.KL,3,1.3300000429153442,1.2118796749870864,2.7469469953259225,2.4502982010262486,0.7046382723262191
5347.KL,3,13.68000030517578,0.6061988271479283,1.3137112331400689,1.2671061003343023,0.7258572325846607
5398.KL,3,4.670000076293945,0.6741327588143398,2.452834735081818,2.1109963144644994,0.6102612132313058
5681.KL,3,20.3799991607666,0.5581354309302518,2.153056165280477,1.9436557113794468,0.6106827176602483
5819.KL,3,23.8799991607666,0.5437520967457101,1.1715566103066322,1.0080566950997059,0.7119651857493673
6012.KL,3,3.569999933242798,0.7401120500558815,1.7705082458141779,1.652358602661703,0.6989669065809245
6033.KL,3,17.6200008392334,0.5735073725732589,1.0180711000959648,1.057253856526366,0.7857859675883
6742.KL,3,5.75,0.6339130434782609,4.2613101100408075,3.337809738875487,0.5226556313518536
6888.KL,3,1.7699999809265137,1.0249717575005544,2.551412265543354,2.4638532384134884,0.6956411366779088
6947.KL,3,2.7100000381469727,0.8290036848426666,1.7810143596969938,1.7719675019780825,0.7320530439168931
7084.KL,3,3.829999923706055,0.7210966109451934,1.4718174508387996,1.43197693677327,0.7414690092741173
7160.KL,3,5.090000152587891,0.6564636483343864,3.861231414086437,3.3202869760454057,0.5537478856622109
7277.KL,3,2.009999990463257,0.957512440171467,3.118420573584755,2.669636205019633,0.6266608611371769
7293.KL,3,2.069999933242798,0.9430918030192547,2.146427092554001,2.0684287057719626,0.7145014332370087
8869.KL,3,7.96999979019165,0.5854705177320906,2.1383452787048944,1.8940802672980674,0.6149030544377809
0128.KL,5,4.949999809265137,0.6620202098045044,3.2380359939818604,2.8705521522539885,0.5782960444362724
0138.KL,5,0.2399999946355819,2.543333379899464,3.2814216215389855,3.6454147927563336,0.893445117295352
0166.KL,5,2.609999895095825,0.84314177785179,4.756725150812675,4.371971962800511,0.571287849267696
0208.KL,5,2.549999952316284,0.852156870078234,5.237426852644452,4.119509395240205,0.5313348443987095
1023.KL,5,7.989999771118164,0.5851564491421825,2.1064498799910996,1.7921908223910779,0.6097887579331522
1066.KL,5,8.3100004196167,0.5803369373651759,1.4738427886586623,1.2351548438070585,0.6701710475545081
1082.KL,5,18.979999542236328,0.5653740805182521,1.4136995255807412,1.4307290692358836,0.7017589238807455
1155.KL,5,10.579999923706056,0.6490359181873626,1.2530395822148255,1.1292463891481619,0.7464604706202036
1295.KL,5,5.0,0.66,1.6879606196823698,1.556467854444196,0.683161263106869
2445.KL,5,22.3799991607666,0.5493655082662431,1.8878790925014168,1.8953330901404424,0.6461965336291355
2488.KL,5,5.039999961853027,0.6584126999144532,2.209872121313843,1.7382095680704783,0.607034619984945
3182.KL,5,2.039999961853028,0.9501960875977923,2.9569164567428867,2.5560614503009327,0.6360006510127406
3336.KL,5,2.940000057220459,0.800136047801789,3.7736534538796587,3.561329649539943,0.5946115534074506
3816.KL,5,7.769999980926514,0.5887001290160566,1.6894145293686609,1.6442650106068624,0.6698199730497534
4065.KL,5,9.960000038146973,0.560401606041163,2.4505165657396866,2.315338598179201,0.6034048676073672
4197.KL,5,2.5999999046325684,0.8446153987229934,3.110652810692271,2.739683267999758,0.6126654295600912
4677.KL,5,2.400000095367432,0.8766666501098215,6.586450841938283,4.693376267687258,0.4938056996497697
4715.KL,5,1.6299999952316284,1.07349693431005,2.5010347930630616,2.5417103332037527,0.716912550008287
4863.KL,5,7.779999732971191,0.5885347087818085,1.6976219902930298,1.522265617608973,0.6555509332718993
5031.KL,5,6.0,0.6266666666666667,1.9158074597499881,1.427737489147155,0.6144389225248669
5168.KL,5,0.9549999833106996,0.983560218573669,5.370865887544435,4.812762412459702,0.569180498372178
5176.KL,5,2.0799999237060547,0.9407692484037419,2.0365611754138015,1.8229234001955885,0.7160781691070652
5183.KL,5,4.300000190734863,0.6925581292193156,4.562848100688867,4.168202283426658,0.5567211502397462
5211.KL,5,4.96999979019165,0.6612072519547206,3.3415180616048183,2.558053318705062,0.5456770268776184
5225.KL,5,7.989999771118164,0.5851564491421825,1.551627187003552,1.3337951323177848,0.6650505087627216
5246.KL,5,6.869999885559082,0.6055604099938963,2.377207091045137,1.822299817411135,0.5781298329373404
5258.KL,5,2.119999885559082,0.931698138670551,1.9487325757643976,1.6518981056435023,0.7175399181189639
5285.KL,5,6.400000095367432,0.6162499976716936,2.1406201783227394,1.6839315985798522,0.6014251421938925
5296.KL,5,1.3300000429153442,1.2118796749870864,3.398469060881912,3.0779198220809887,0.6623752178244001
5347.KL,5,13.68000030517578,0.6061988271479283,1.7320222872229512,1.4990314991201827,0.6515615231063003
5398.KL,5,4.670000076293945,0.6741327588143398,3.0897148136173196,2.8333004544480276,0.5921702130624443
5681.KL,5,20.3799991607666,0.5581354309302518,2.522083559763791,2.66393596530926,0.6212995112458866
5819.KL,5,23.8799991607666,0.5437520967457101,1.3317606366844101,1.3441426316159337,0.7055168065027926
6012.KL,5,3.569999933242798,0.7401120500558815,2.08340402919254,2.048054010274837,0.6748624901174516
6033.KL,5,17.6200008392334,0.5735073725732589,1.243506132674535,1.2607359926692507,0.7324544806108564
6742.KL,5,5.75,0.6339130434782609,5.94731253230991,4.295460619131856,0.4812538157126189
6888.KL,5,1.7699999809265137,1.0249717575005544,3.146407359066942,3.0554163178689127,0.6579335833980807
6947.KL,5,2.7100000381469727,0.8290036848426666,2.1583971744195503,2.2901209293173492,0.7011603732802278
7084.KL,5,3.829999923706055,0.7210966109451934,1.7473099720932552,1.7407953341559674,0.7057963361055879
7160.KL,5,5.090000152587891,0.6564636483343864,4.976314370797772,4.285370311508993,0.5335782991278148
7277.KL,5,2.009999990463257,0.957512440171467,3.62996189996905,3.463129341956712,0.6232320481088274
7293.KL,5,2.069999933242798,0.9430918030192547,2.7021713198932296,2.4561878584973593,0.658984677871383
8869.KL,5,7.96999979019165,0.5854705177320906,2.6079365346174272,2.377390643498239,0.5943162916641751
0128.KL,10,4.949999809265137,0.6620202098045044,4.360791354999262,3.8478136290966414,0.5494031991597729
0138.KL,10,0.2399999946355819,2.543333379899464,4.139761741038937,4.304842665915843,0.8109528541295917
0166.KL,10,2.609999895095825,0.84314177785179,6.3267505501092405,6.248068231611444,0.5639214475019976
0208.KL,10,2.549999952316284,0.852156870078234,7.766429315786722,5.624547532739904,0.48366183259668266
1023.KL,10,7.989999771118164,0.5851564491421825,2.7323551336539804,2.7497646741300428,0.6083269319537662
1066.KL,10,8.3100004196167,0.5803369373651759,2.100041450338028,1.6072752370978642,0.5900796610866466
1082.KL,10,18.979999542236328,0.5653740805182521,2.2498201267425824,1.8954455601278712,0.5936458182741877
1155.KL,10,10.579999923706056,0.6490359181873626,1.7370913224106586,1.5319338598449375,0.6671621221735134
1295.KL,10,5.0,0.66,2.2732291210170823,2.0756728247324405,0.6290490930489245
2445.KL,10,22.3799991607666,0.5493655082662431,2.423098655417339,2.826177853078095,0.6430492575274622
2488.KL,10,5.039999961853027,0.6584126999144532,2.8977595830197007,2.6337403785262703,0.5951646210480342
3182.KL,10,2.039999961853028,0.9501960875977923,4.030252048255457,3.7051052285810617,0.6018211117564184
3336.KL,10,2.940000057220459,0.800136047801789,5.691285477815156,4.911771447400822,0.5387038413062433
3816.KL,10,7.769999980926514,0.5887001290160566,2.1649666122526363,2.046750734474425,0.6257425763717261
4065.KL,10,9.960000038146973,0.560401606041163,3.460399001597022,3.367007128703656,0.5752417037730633
4197.KL,10,2.5999999046325684,0.8446153987229934,4.3247182170507905,3.68871644524104,0.5657164543059376
4677.KL,10,2.400000095367432,0.8766666501098215,9.19094236338667,6.769368646408152,0.4790655577968131
4715.KL,10,1.6299999952316284,1.07349693431005,3.492690057949039,3.5637815256032512,0.65716674473999
4863.KL,10,7.779999732971191,0.5885347087818085,2.4367072878396567,2.0005489731974575,0.5834875269011672
5031.KL,10,6.0,0.6266666666666667,2.5372719586090984,1.9128844303144894,0.5706655845403732
5168.KL,10,0.9549999833106996,0.983560218573669,7.817115901052141,6.993602708276968,0.5386074192123204
5176.KL,10,2.0799999237060547,0.9407692484037419,2.9252566489165632,2.4184714365325233,0.6286324137793315
5183.KL,10,4.300000190734863,0.6925581292193156,7.004633461985733,5.302992336375297,0.4871411077831942
5211.KL,10,4.96999979019165,0.6612072519547206,4.876175507256063,3.082325399606918,0.47038163284412254
5225.KL,10,7.989999771118164,0.5851564491421825,2.2667781378646445,1.6421776263205192,0.5698028347800957
5246.KL,10,6.869999885559082,0.6055604099938963,3.349479330011059,2.5693799011975447,0.5364108499912968
5258.KL,10,2.119999885559082,0.931698138670551,2.5139356319353436,2.154965840601338,0.6611113979226595
5285.KL,10,6.400000095367432,0.6162499976716936,2.7089382087229597,2.218626035177456,0.5753098067383495
5296.KL,10,1.3300000429153442,1.2118796749870864,4.934696182764973,4.290484463143519,0.5964505573742871
5347.KL,10,13.68000030517578,0.6061988271479283,2.4590620803319907,1.9244561676269272,0.5773113858835185
5398.KL,10,4.670000076293945,0.6741327588143398,4.439520237050717,4.147107820863562,0.5614824058012124
5681.KL,10,20.3799991607666,0.5581354309302518,3.5783375639406514,3.504859093340539,0.5736102950204305
5819.KL,10,23.8799991607666,0.5437520967457101,1.9768159855159388,1.710970941819954,0.6114027418049628
6012.KL,10,3.569999933242798,0.7401120500558815,2.7581815013527176,2.6317438198389747,0.6255848957011805
6033.KL,10,17.6200008392334,0.5735073725732589,1.6665672657135226,1.6557721935711285,0.6709969265525878
6742.KL,10,5.75,0.6339130434782609,8.761720758624069,6.235164003051108,0.4580335953559786
6888.KL,10,1.7699999809265137,1.0249717575005544,4.3957351548496035,3.9294314232032495,0.5951115973781
6947.KL,10,2.7100000381469727,0.8290036848426666,2.638162878163426,2.964280055058807,0.677076729761489
7084.KL,10,3.829999923706055,0.7210966109451934,2.3564722610537254,2.293919903559933,0.6483359699096701
7160.KL,10,5.090000152587891,0.6564636483343864,7.18586402270161,5.526776767928814,0.4863852065119644
7277.KL,10,2.009999990463257,0.957512440171467,4.989636975321328,4.7547443199896335,0.5862103079761322
7293.KL,10,2.069999933242798,0.9430918030192547,3.5771591680301222,3.378639662945439,0.621313463914333
8869.KL,10,7.96999979019165,0.5854705177320906,3.570676896256941,3.1268967703760637,0.5542853983977798
0128.KL,20,4.949999809265137,0.6620202098045044,5.998112421268515,5.5658657203032575,0.5385591233278887
0138.KL,20,0.2399999946355819,2.543333379899464,5.8678589556613225,5.016202904521824,0.6945510216251273
0166.KL,20,2.609999895095825,0.84314177785179,9.503356916746911,8.715189293561767,0.5246483973570363
0208.KL,20,2.549999952316284,0.852156870078234,10.142549113537466,8.209925483551004,0.49377986089499304
1023.KL,20,7.989999771118164,0.5851564491421825,4.22758541016091,3.348316609648106,0.5192085442110099
1066.KL,20,8.3100004196167,0.5803369373651759,3.2513719890448334,2.076648390183102,0.4986815249256409
1082.KL,20,18.979999542236328,0.5653740805182521,3.5922398524284227,2.698621384632006,0.5188471565580814
1155.KL,20,10.579999923706056,0.6490359181873626,2.8235717107894667,1.948275421557198,0.5442989407892608
1295.KL,20,5.0,0.66,3.4924179268095368,2.280004158909021,0.5093189852112219
2445.KL,20,22.3799991607666,0.5493655082662431,3.411134645233413,3.440461841824697,0.5823208295507876
2488.KL,20,5.039999961853027,0.6584126999144532,4.049405519266725,3.829538614752034,0.5696132931427892
3182.KL,20,2.039999961853028,0.9501960875977923,5.1226471010193775,5.117590921802893,0.5925435518078287
3336.KL,20,2.940000057220459,0.800136047801789,9.432450446754544,7.198086957659537,0.48093593195241163
3816.KL,20,7.769999980926514,0.5887001290160566,2.969090029974114,2.461916358666991,0.5617037192339492
4065.KL,20,9.960000038146973,0.560401606041163,4.917873073362494,5.1149924074272,0.5656802659554495
4197.KL,20,2.5999999046325684,0.8446153987229934,6.1090471352077325,5.4620395630629845,0.545035667456238
4677.KL,20,2.400000095367432,0.8766666501098215,13.478706411122285,9.50393943224275,0.45167149827309366
4715.KL,20,1.6299999952316284,1.07349693431005,4.930720383806304,5.128253625766091,0.616539077859669
4863.KL,20,7.779999732971191,0.5885347087818085,3.6024276909141393,2.628118398140706,0.5162714569390933
5031.KL,20,6.0,0.6266666666666667,3.8950303977942484,2.5210750149986967,0.4906000570671959
5168.KL,20,0.9549999833106996,0.983560218573669,10.802088525975954,10.91746342801411,0.5479405685623022
5176.KL,20,2.0799999237060547,0.9407692484037419,3.860123057653678,3.6443317968230864,0.6109838934525135
5183.KL,20,4.300000190734863,0.6925581292193156,10.606240876157019,7.979607756396492,0.466600479594261
5211.KL,20,4.96999979019165,0.6612072519547206,7.481188981425129,3.850029224364081,0.39812457887484465
5225.KL,20,7.989999771118164,0.5851564491421825,3.5182209104807134,2.04476267408502,0.4727533495737438
5246.KL,20,6.869999885559082,0.6055604099938963,5.127507306819867,3.513491013578786,0.47668698347607696
5258.KL,20,2.119999885559082,0.931698138670551,3.5800119319304393,2.6829540790683497,0.5771470276848034
5285.KL,20,6.400000095367432,0.6162499976716936,3.463845291733454,2.478320660236407,0.5207815942740935
5296.KL,20,1.3300000429153442,1.2118796749870864,7.749470668532503,5.949927084851314,0.5227825988240541
5347.KL,20,13.68000030517578,0.6061988271479283,3.6278077078964754,2.33516217915767,0.493271148776286
5398.KL,20,4.670000076293945,0.6741327588143398,7.145951677760092,5.201697658633736,0.4758663173345455
5681.KL,20,20.3799991607666,0.5581354309302518,5.203804548161588,4.818896721971983,0.5364853254606257
5819.KL,20,23.8799991607666,0.5437520967457101,2.9636261980604424,2.1715400750047444,0.5287642166510985
6012.KL,20,3.569999933242798,0.7401120500558815,4.273110947850803,3.3935072589893593,0.5391711439806958
6033.KL,20,17.6200008392334,0.5735073725732589,2.283521356753799,1.8671484031819394,0.5880149269675903
6742.KL,20,5.75,0.6339130434782609,15.109315503980534,8.190900588370067,0.37874385357076107
6888.KL,20,1.7699999809265137,1.0249717575005544,6.537249059353235,5.730018658777584,0.5506515852991758
6947.KL,20,2.7100000381469727,0.8290036848426666,3.625750963577759,3.903068038976653,0.6285277574362992
7084.KL,20,3.829999923706055,0.7210966109451934,3.129628806064557,3.5206293571174916,0.6378287675426246
7160.KL,20,5.090000152587891,0.6564636483343864,10.715774767482708,7.9555488238590675,0.46124274104418594
7277.KL,20,2.009999990463257,0.957512440171467,7.542869292595553,6.580562117211334,0.5337282660748144
7293.KL,20,2.069999933242798,0.9430918030192547,5.07942192985887,4.72028579007034,0.5779129087260682
8869.KL,20,7.96999979019165,0.5854705177320906,5.299672425298412,4.15049695087681,0.5011515963458524
0128.KL,40,4.949999809265137,0.6620202098045044,9.98330144710114,8.643407964471315,0.49957445347241614
0138.KL,40,0.2399999946355819,2.543333379899464,8.507467231850523,6.32420610101239,0.5978785590742363
0166.KL,40,2.609999895095825,0.84314177785179,14.96629355223713,13.706060375638604,0.5074296372766737
0208.KL,40,2.549999952316284,0.852156870078234,14.112680532157103,12.219623879638199,0.49641613378360666
1023.KL,40,7.989999771118164,0.5851564491421825,6.961837355905401,4.95415240760914,0.464863512531043
1066.KL,40,8.3100004196167,0.5803369373651759,5.1784091133779535,2.6809383155483735,0.4149549669875168
1082.KL,40,18.979999542236328,0.5653740805182521,6.148985146177976,3.8788169465871936,0.4431869502402554
1155.KL,40,10.579999923706056,0.6490359181873626,4.799344666783844,2.8382317603323015,0.45659349033007496
1295.KL,40,5.0,0.66,5.03116989333227,2.391565200080497,0.411110616461118
2445.KL,40,22.3799991607666,0.5493655082662431,4.128972844724083,4.098880092158977,0.5649402871055818
2488.KL,40,5.039999961853027,0.6584126999144532,6.521332100170617,6.165171348157224,0.5378616792139892
3182.KL,40,2.039999961853028,0.9501960875977923,6.915299198083787,7.405211063738912,0.5834573628016266
3336.KL,40,2.940000057220459,0.800136047801789,14.523754332014839,11.440435151402744,0.4714405280019296
3816.KL,40,7.769999980926514,0.5887001290160566,4.2426017693412925,3.4650347739837337,0.5259374751538342
4065.KL,40,9.960000038146973,0.560401606041163,6.647367105028777,7.508500326379421,0.5700040616739448
4197.KL,40,2.5999999046325684,0.8446153987229934,9.823180410967943,7.078461738997583,0.4687755821251213
4677.KL,40,2.400000095367432,0.8766666501098215,21.747763116704455,13.613575799804503,0.40977640818768163
4715.KL,40,1.6299999952316284,1.07349693431005,7.261284259382363,7.457397651390345,0.579596368575407
4863.KL,40,7.779999732971191,0.5885347087818085,5.384496153490226,3.4220837653226366,0.4554115798730049
5031.KL,40,6.0,0.6266666666666667,6.921401151523645,3.1003143967243476,0.3718905256737774
5168.KL,40,0.9549999833106996,0.983560218573669,17.061519267520264,16.45057330020725,0.5202341060483393
5176.KL,40,2.0799999237060547,0.9407692484037419,5.540620863770106,3.954275216697801,0.5155448173014986
5183.KL,40,4.300000190734863,0.6925581292193156,17.547474213053327,10.71024136268633,0.4035287092243009
5211.KL,40,4.96999979019165,0.6612072519547206,11.934018015214273,4.46762068145405,0.31270216520807725
5225.KL,40,7.989999771118164,0.5851564491421825,5.001801651103462,2.585549575431081,0.417893666696837
5246.KL,40,6.869999885559082,0.6055604099938963,8.62674828555997,4.449197268007036,0.38656918976096816
5258.KL,40,2.119999885559082,0.931698138670551,5.954814887202107,3.6988963997886177,0.4796698804012636
5285.KL,40,6.400000095367432,0.6162499976716936,5.209416935101704,2.8656279480098057,0.431189918580347
5296.KL,40,1.3300000429153442,1.2118796749870864,9.29467672664395,8.27783073387624,0.54003166196877
5347.KL,40,13.68000030517578,0.6061988271479283,5.853761255300464,2.925625702181114,0.4022860077171229
5398.KL,40,4.670000076293945,0.6741327588143398,11.208916063973591,7.702588194516579,0.4429431333877239
5681.KL,40,20.3799991607666,0.5581354309302518,6.986327887418392,7.081847013143904,0.5430684860030273
5819.KL,40,23.8799991607666,0.5437520967457101,5.061517576029446,2.4753374100637306,0.40057683375628056
6012.KL,40,3.569999933242798,0.7401120500558815,6.089678529106295,4.122334635111511,0.4761496687259544
6033.KL,40,17.6200008392334,0.5735073725732589,2.8129349825063534,2.155796934263498,0.5492959476491669
6742.KL,40,5.75,0.6339130434782609,24.43107574254874,12.50753120262137,0.35576447876353756
6888.KL,40,1.7699999809265137,1.0249717575005544,8.526864642937483,7.585462653149308,0.5344004160554189
6947.KL,40,2.7100000381469727,0.8290036848426666,4.328898388507246,5.027318759477617,0.6259284443373159
7084.KL,40,3.829999923706055,0.7210966109451934,4.036077843690852,4.2644889794820395,0.6006319443762387
7160.KL,40,5.090000152587891,0.6564636483343864,16.148607014733535,12.406724594648873,0.4574693238264162
7277.KL,40,2.009999990463257,0.957512440171467,12.100831991765842,8.93634249123758,0.4703034116773902
7293.KL,40,2.069999933242798,0.9430918030192547,7.72313798909256,6.462884777439007,0.5220615180409016
8869.KL,40,7.96999979019165,0.5854705177320906,8.064230293003863,6.060952797733647,0.4705371443874652
