ticker,keep,why,rows_total,last,price,turnover_median_rm,range_median_pct,gap_median_pct,vol_annual_pct,dead_days_pct,flat_close_pct,synth_open_pct
1155.KL,DROP,tak cukup gerak,2876,2026-09-03,10.58,110993623,0.98,0.101,14.5,1.2,13.0,15.6
1023.KL,DROP,tak cukup gerak,2877,2026-09-03,7.99,108458628,1.46,0.143,22.6,1.2,9.0,11.2
5347.KL,DROP,tak cukup gerak,2876,2026-09-03,13.68,84337340,1.36,0.142,17.4,1.2,13.0,14.0
1295.KL,DROP,tak cukup gerak,2877,2026-09-03,5.0,75225539,1.38,0.212,18.2,1.6,11.8,15.4
5398.KL,KEEP,,2877,2026-09-03,4.67,71012809,2.25,0.224,30.7,1.2,8.2,7.4
0138.KL,KEEP,,2877,2026-09-03,0.24,43650349,2.45,0.503,56.8,1.2,13.6,9.0
8869.KL,KEEP,,2876,2026-09-03,7.97,43572524,2.16,0.201,28.4,1.2,8.6,7.4
5225.KL,KEEP,,2875,2026-09-03,7.99,42664380,1.54,0.141,17.5,1.0,12.6,14.6
1066.KL,DROP,tak cukup gerak,2877,2026-09-03,8.31,38915118,1.2,0.0,16.6,1.2,11.2,17.2
6742.KL,KEEP,,2876,2026-09-03,5.75,35470486,2.79,0.262,39.2,1.2,9.2,8.2
1015.KL,KEEP,,2877,2026-09-03,6.91,33210545,1.63,0.173,20.1,1.2,13.4,11.0
4863.KL,KEEP,,2876,2026-09-03,7.78,31409077,1.67,0.152,20.7,1.2,11.4,5.0
4677.KL,KEEP,,2875,2026-09-03,2.4,31227693,3.19,0.442,44.1,1.2,11.8,23.8
5211.KL,KEEP,,2874,2026-09-03,4.97,30670782,1.94,0.182,27.2,1.2,13.2,17.8
5285.KL,KEEP,,2149,2026-09-03,6.4,25124040,1.81,0.205,21.1,1.0,11.6,12.6
0166.KL,KEEP,,2875,2026-09-03,2.61,25024910,3.26,0.465,50.7,1.0,9.2,9.0
3336.KL,KEEP,,2876,2026-09-03,2.94,18780731,2.67,0.357,35.8,1.4,8.8,7.4
5183.KL,KEEP,,2875,2026-09-03,4.3,18402201,3.16,0.292,54.8,1.0,6.2,3.4
5819.KL,DROP,tak cukup gerak,2877,2026-09-03,23.88,18330891,1.33,0.105,17.4,1.2,11.0,13.2
4197.KL,KEEP,,2876,2026-09-03,2.6,17471963,2.45,0.0,35.0,1.2,15.2,22.0
5326.KL,DROP,sejarah pendek,490,2026-09-03,3.43,17167991,2.41,0.0,28.1,1.0,10.0,13.3
5296.KL,KEEP,,1437,2026-09-03,1.33,16413921,2.7,0.0,33.9,1.0,15.4,9.8
5246.KL,KEEP,,2875,2026-09-03,6.87,15579564,1.9,0.228,23.4,1.2,11.2,6.2
3816.KL,KEEP,,2877,2026-09-03,7.77,14689245,1.61,0.256,20.1,1.2,10.8,7.6
3182.KL,KEEP,,2877,2026-09-03,2.04,13660126,1.81,0.252,27.5,1.4,10.8,17.6
0128.KL,KEEP,,2877,2026-09-03,4.95,13463000,2.46,0.251,36.0,1.2,9.0,4.8
7277.KL,KEEP,,2876,2026-09-03,2.01,12442106,2.69,0.0,37.9,1.2,17.2,14.8
6888.KL,KEEP,,2875,2026-09-03,1.77,11583371,2.68,0.37,32.6,1.2,14.2,15.8
4715.KL,KEEP,,2876,2026-09-03,1.63,10498106,1.82,0.0,29.0,1.4,18.6,23.4
5168.KL,KEEP,,2875,2026-09-03,0.955,10067592,3.35,0.284,53.0,1.0,12.4,23.0
6947.KL,KEEP,,2875,2026-09-03,2.71,9055154,1.91,0.267,23.0,1.2,10.0,10.0
7084.KL,KEEP,,2876,2026-09-03,3.83,8961458,1.74,0.216,20.1,1.2,11.6,16.4
2445.KL,KEEP,,2876,2026-09-03,22.38,8427266,1.68,0.304,21.1,1.4,7.6,6.0
1961.KL,KEEP,,2876,2026-09-03,4.79,8300580,1.52,0.244,18.0,1.2,18.0,19.8
5099.KL,DROP,OPEN SINTETIK,2877,2026-09-03,0.325,8168534,3.13,0.0,81.3,1.2,15.2,53.8
6033.KL,KEEP,,2876,2026-09-03,17.62,8120642,1.5,0.116,17.3,1.2,12.2,9.8
6012.KL,KEEP,,2875,2026-09-03,3.57,7835746,1.93,0.238,24.6,1.0,11.0,12.0
4707.KL,KEEP,,2876,2026-09-03,94.48,7352488,1.87,0.19,27.1,1.2,7.2,3.2
5681.KL,KEEP,,2877,2026-09-03,20.38,7263869,2.23,0.207,30.3,1.2,6.8,7.0
2488.KL,KEEP,,2876,2026-09-03,5.04,7241485,1.53,0.199,22.3,1.2,12.8,12.4
0208.KL,DROP,OPEN SINTETIK,1774,2026-09-03,2.55,6571582,3.77,0.493,49.6,1.0,8.6,34.6
5031.KL,KEEP,,2876,2026-09-03,6.0,6254975,1.53,0.164,19.1,1.2,14.2,16.8
7293.KL,KEEP,,2876,2026-09-03,2.07,6151795,2.25,0.0,33.6,1.4,17.4,11.0
4065.KL,KEEP,,2877,2026-09-03,9.96,5828126,1.88,0.188,26.6,1.2,12.2,10.4
5176.KL,KEEP,,2875,2026-09-03,2.08,5658975,1.83,0.0,20.8,1.0,20.4,16.0
0097.KL,KEEP,,2877,2026-09-03,9.0,5624016,3.12,0.267,44.8,1.2,7.2,6.0
7160.KL,DROP,OPEN SINTETIK,2876,2026-09-03,5.09,5515608,3.23,0.345,49.0,1.2,6.2,33.2
1082.KL,DROP,turnover rendah; tak cukup gerak,2876,2026-09-03,18.98,1926514,1.12,0.123,16.5,1.2,9.2,10.8
5258.KL,DROP,turnover rendah; tak cukup gerak,2876,2026-09-03,2.12,1851574,1.34,0.0,17.9,1.2,23.0,25.6
